pop,SocioEconomicStatus,ProgramIntensity,TestScore
A,0.578862847343032,1.77594745942792,2.9840979845666302
A,0.443650985051199,0.25735144740157306,1.8472202238081263
A,0.4096497468072009,0.7574667567456314,-1.1685532753384527
A,0.21365072966355092,0.12116800936759958,0.07159848657920748
A,0.3722611797485601,0.776507827002138,-0.524700425288384
A,0.3645241020731014,0.9907490145198042,-0.16140614471721415
A,0.39172585185175407,0.1756457252900998,2.5162548177100064
A,0.3372999323176153,0.8991313574181838,1.7399036537433765
A,0.3956181831024072,0.4464106508090231,2.4249564575913807
A,0.3522781969640498,0.18448754052903305,0.2986950398948598
A,0.2686135246637318,0.2908984833925332,1.1626014288757112
A,0.4884622380499585,0.23038905438089363,0.28164769593573585
A,0.48813180422075303,0.33436391976499963,0.3116634842579006
A,0.5709573063652948,1.331002879475959,2.2455313002347967
A,0.40500336421768607,0.5320935251382003,1.1972658988511926
A,0.35953225853991094,1.1100649367651352,3.3749861559646464
A,0.345464005238047,0.7340745050212883,1.1072475051473283
A,0.2453522684417032,-0.1449557455136854,0.3731829968909863
A,0.49823674342581603,-0.20158059866934241,-0.14054681474823383
A,0.28989323698885244,0.09121894643896017,0.5044892155804177
A,0.28149534729798276,0.5543062656351558,-0.3099516553473216
A,0.37943501005774594,0.5735589750431997,2.1979528369943786
A,0.548614835507459,0.4078744429547115,0.4890399514994752
A,0.42367162672269126,1.1419135902122586,1.9791498053469416
A,0.2976214860073532,-0.4264295231412152,-0.573054641007676
A,0.3287006799887951,-0.136272273609801,1.0568272385224982
A,0.462524496616283,0.7574342960975455,1.9520919526933582
A,0.38394866368130764,1.6728045718709579,2.662078534342366
A,0.323116364968077,0.691641611560113,1.4017919672679122
A,0.3769969277722061,0.06287556183461629,0.7330627736466159
A,0.4745056266405371,1.0080870099578307,2.547470939647684
A,0.5976110783126303,1.2381149045968944,2.7184093393021556
A,0.2755876671044063,0.8823099644221637,2.7409111259262433
A,0.3373583088811631,0.30110519638315286,2.3098584345559585
A,0.31962339054234234,0.07957186617527673,0.9815146764641174
A,0.15809168268213303,0.29624616369867496,-0.7813910023200166
A,0.3076207978304212,0.6690686362880205,2.930633933729422
A,0.29761242391571624,1.2455362598125894,4.131750269567725
A,0.5123977958957469,1.8134211312746622,2.58460750743699
A,0.3868085767199099,0.21367789819566668,0.19459666341413695
A,0.23767145541647527,0.09502136962521707,-1.735728412955992
A,0.46466754522701725,0.6652147775452854,2.0822777119396787
A,0.3643729240553255,0.4216733327857403,-0.12601781212088325
A,0.22568589630465413,0.5814239330421007,2.8240144851132003
A,0.3403350358315801,0.7533711562946998,-1.1503002365119226
A,0.3411405620311757,0.6406593349594045,1.2422324634284867
A,0.31261177022377007,1.1409533008510508,2.5219063660762195
A,0.4029713815361017,0.5252016100942982,0.6553721084382828
A,0.17517422324233942,-0.26264263471466437,-1.023021423924432
A,0.3732238135153944,-0.22046489326557828,0.23916171580070716
A,0.5013183441886495,0.23790757895713288,0.2065351136980209
A,0.48527978409541495,0.2057907155612273,0.3330659664751762
A,0.5108187499934993,-0.17548379038477369,0.12359785929354106
A,0.5119390655318892,1.099502483217368,1.3915399483569417
A,0.548754313199254,0.9157653874380228,1.4930654845053561
A,0.2881699315599635,0.22085853361854124,1.3265913809566254
A,0.48458334070571824,0.2819305215348561,0.3913332607591726
A,0.21391104710578865,-0.46960611749760417,-0.3203850172203032
A,0.3397114895992782,0.04970743601238997,-0.41441853691426767
A,0.2085527956594186,1.236783721798381,2.811607429961134
A,0.5048147512246255,-0.3481736929523441,-1.3705997610132878
A,0.5333737819442487,0.870965931608121,2.602491626472361
A,0.38025853208417504,0.9422062835013574,-1.4037523816663482
A,0.5774645031405935,0.9342628695696898,0.8587640847240126
A,0.3325272489688287,0.3403884130463778,-0.8472489063131071
A,0.4150616865365023,1.0066295014793147,2.755083753849455
A,0.41529457027624817,0.07127772547429523,0.7005486852619831
A,0.29358047260634756,0.7181432065940228,-0.07188560700447422
A,0.44379466112800825,1.3810406775464774,1.7137607636169025
A,0.5938978460400495,0.370159575809499,2.3300868419256267
A,0.29750691253919137,0.03634366559483576,0.22145513490610724
A,0.48993384458408146,0.8028709544924204,2.06684044004478
A,0.38454931481007126,1.0716103701208852,0.28691979126568223
A,0.5769627303293743,1.535018243870371,1.0912930988153846
A,0.4483788347600531,1.0128817288990315,2.3320686543836757
A,0.46762163998630624,0.3666810730438537,3.1759937814371897
A,0.4643163280595719,0.1392681360555167,0.007478570072719126
A,0.4249086706725834,0.7588522940291905,1.9727041046132412
A,0.2604236497359325,0.5897642880622554,0.06723313114620699
A,0.5391662907744807,0.25847328056442465,2.0213113388239217
A,0.26293309874479837,0.42429489080401916,0.32551237189233684
A,0.42385631924059014,0.8019032115384317,1.0013582224577504
A,0.4614077087754094,1.214643559779256,0.15133861871906862
A,0.3162087727297706,-0.02096819270829714,-0.21883182308914875
A,0.4145063214103528,0.9002417462448837,1.7498626249233322
A,0.5167882286301642,0.19054444435122853,2.029299176685618
A,0.397589552992877,0.3830913397805493,-0.35005078859245564
A,0.3111342582147051,0.42756301304372146,1.797901334752782
A,0.10842622482072878,0.9215974661799743,1.0022707321284812
A,0.30281594974273907,2.1113760442231224,2.877445024355119
A,0.3408921261514125,0.6381110268792661,0.18400418605201885
A,0.3483582632211526,0.7701831429963475,-0.38001718666878737
A,0.30400038197727836,0.9597713803210336,0.3360030815399415
A,0.4377295234113201,-0.02423382645569716,1.9030021532311712
A,0.3425291579507295,0.8966254377914812,0.29736573797146826
A,0.3890545666119392,-0.037288080266539625,-0.21899226878182254
A,0.4679071599825507,1.5164167266255726,3.5587490776871324
A,0.31445628313401186,1.193430307166957,-0.23727046724331147
A,0.36997939254804496,0.8057389304587963,1.8200035122987175
A,0.6158149342056919,0.5203731442157982,0.6591698561780451
A,0.4874285722610521,1.5651554938328704,2.7158001998507424
A,0.2706463368078216,0.5358136925625493,1.7795233709314289
A,0.39202590618144284,0.6431606304840906,1.0085318686785016
A,0.45644855182945976,0.9744445010916767,1.479045863313807
A,0.5233471044453156,-0.07115262887496976,0.9916693159957004
A,0.41489863946809913,0.8365976704601032,2.0876101970201546
A,0.34694178556448957,1.0184667548006914,0.9304805079285539
A,0.326947335630667,0.6599214942586237,0.9443076733649183
A,0.4645061984983909,0.7693886704872516,0.05136245306665499
A,0.4313060374024107,0.17012999803990647,1.8215599570266148
A,0.34833520752018504,0.8442802257813774,0.19654362817567805
A,0.38109283335642874,0.6718737235709631,1.378739291914147
A,0.3583801984869852,0.5421021910396322,2.738735914789003
A,0.472465765823945,0.42709618934382226,1.729738952860415
A,0.33100393226861347,0.9245914534271192,1.2179093358614341
A,0.4486414475268615,1.2965543561355237,1.3963991807393685
A,0.48515189504847084,0.9218009296707053,1.0038349251950234
A,0.44862493261083114,1.1213119351211964,2.801617297513364
A,0.3165760149328215,1.1378756710701183,2.1428398725233384
A,0.5344992456622238,1.595829441116116,2.61552439832345
A,0.33217873206588483,0.6110931733248974,3.688141972004921
A,0.44264350744400754,0.5573012506833513,0.2626221454329527
A,0.3246665206402528,0.27952684671372985,0.12550958655757316
A,0.2255889749358906,0.3452569685783801,0.2538166906897297
A,0.422575026624582,0.9098457440512511,1.7951561890387802
A,0.42870351646948246,1.1121462422676727,2.176258723609878
A,0.3922559039440061,0.3750128454185726,0.533659050283621
A,0.4276068497242843,0.7163390528669721,2.0495711903470797
A,0.33515891116935187,0.004448358199855507,0.7816404902509517
A,0.3262535162541242,1.1213622779342098,1.495103762653902
A,0.38319099013780855,0.37905595881776266,-1.6517595436220711
A,0.5909276809266566,1.0653520853757257,2.7170821775261107
A,0.48148145412513255,0.3625371499230404,-0.0996933707143135
A,0.3480008245902437,0.37286321655125226,0.10078309519325301
A,0.4558713204847424,0.3408089286639692,0.6469853003386259
A,0.352163533955679,1.3807285797454778,0.9226484917415252
A,0.35427392128616936,0.7110927528862938,0.41198885057628987
A,0.4859284008264676,0.6456702687151008,1.2931887578198358
A,0.34747353548443666,0.04738914531690841,-0.07354072656000332
A,0.23243653658154048,0.04350494742412314,0.48563373287620537
A,0.3093505299425672,0.7483783261096496,0.3545619432677478
A,0.4088415206202006,1.4462247899362553,2.0338444931377513
A,0.4128007821116101,-0.09624324204744716,-0.9532865256540268
A,0.5241616518158541,0.32771919822312384,0.5035741582820361
A,0.32839742024825813,0.4047020493259384,1.0267718960759777
A,0.47314657358201057,0.39558618473320695,0.5965774716107528
A,0.44259667498497846,-0.16569602188670807,-1.4006329026110795
A,0.38509862277844986,0.5873028090003752,0.8503451325126097
A,0.4835843902181973,1.1008978608443925,1.9863144433533981
A,0.4492118902913797,-0.1147378443522673,1.2420259608378184
A,0.31376915130631267,0.5761336152967668,0.9285037562002236
A,0.5071683929782794,1.2430890437441051,1.6480091895923308
A,0.27790980801038667,0.9070283757996043,0.23501088330030662
A,0.405961543309033,0.39900696820455034,2.7883084952789328
A,0.40024441619892354,1.7527411472650307,1.7392601488233035
A,0.44246357208598575,0.9412520605239483,0.45867727755085985
A,0.3274566519601488,0.08565186881534964,0.14650454015897266
A,0.39650566144479094,1.0869079621149704,-0.06787071419093005
A,0.3859379972984082,0.01761301158812123,1.323395368303123
A,0.49970883670936517,1.1971979817946685,2.175764562687604
A,0.320408530677661,-0.15041437605108166,0.45311592610560336
A,0.4072745529151435,1.0061831160897539,0.6747291784074969
A,0.3738759515327982,0.2690330434885504,0.08769353732513008
A,0.2701953362330518,0.9714370356830446,2.35508779139949
A,0.667611246765369,1.371755577417196,3.2816600686186
A,0.3928780972839439,0.8129211055925862,4.2125974727943865
A,0.2513341929079239,0.40631750634303815,1.7951792392183452
A,0.540862695884896,1.3548021723751853,0.3655836688374905
A,0.2929414500847497,-0.4622587813342867,-0.3948788256989104
A,0.437086997203026,0.8719076644637143,1.1393876534196106
A,0.4862832094962767,0.9361411649031663,2.727409827543241
A,0.3351567977223942,0.783810142820222,1.2108984296429377
A,0.35691099446143987,0.9484809027251864,2.0391805222778303
A,0.3459729736209446,2.370188579231347,3.2137505187644955
A,0.38706389902489463,0.6389871826140828,1.7526893908436227
A,0.2377538829530382,0.7588805915399897,2.65495378985454
A,0.2764363375893878,0.4908387548309374,0.2368734026320416
A,0.38592135578153763,1.3652160676451146,0.12475461938025667
A,0.5038952117354456,-0.25456242333083456,-1.0445391605610355
A,0.46317441774290874,1.5437353912057907,4.03727370458531
A,0.5729417429210297,0.5175094060227966,1.3488270757361893
A,0.46940522720694244,-0.4270128056289587,-0.5730840302115798
A,0.34888710074470863,-0.015762137558310685,-0.7612997558869221
A,0.38771565943869607,0.4943138203068722,1.9972613329838549
A,0.19696064462217022,0.3925635911884048,0.9410360831384382
A,0.30392248897860663,0.4329380524831618,0.6827712863054507
A,0.29796407211960146,0.8553549701465852,0.8409163058385474
A,0.4270593424970665,0.6230005205730997,1.0050702578113244
A,0.4647829797409858,0.6655756689921004,0.9306298341519484
A,0.34396265811158383,-0.5558137763015204,0.016411641739126903
A,0.3411498380320571,0.7553967905347843,2.5513668851458857
A,0.24534441771889223,0.873137477134845,-0.5929265555354921
A,0.38722379421141406,0.3704992765844588,-0.676234313677297
A,0.42481680271468236,-0.30131694553230814,-0.23192646284683432
A,0.44457809586531427,-0.001385601487062682,0.3809928775609547
A,0.32172909565525365,1.3193744626371666,0.5001358981333639
A,0.5988489679810551,0.5951698293423051,0.6380079938313683
A,0.5195058335971277,0.4469668086201082,0.5857438379858173
A,0.3904762401299376,0.17598881415796896,0.06140179414276736
A,0.347281222066604,0.8613638917628568,0.9657023869483256
A,0.3678415306907817,0.25784051954699777,0.5149670066299991
A,0.4151130371652992,0.1881535977912298,1.4255401434570678
A,0.3981372284443041,-0.15597554979253558,0.7863790126723194
A,0.44835287874083074,0.6186298274059174,1.7634951814357316
A,0.4768965157691687,1.2158186096379777,2.3049344236586573
A,0.5366242843558919,0.7309699850386542,0.6822727421635881
A,0.5147264793112611,1.2131995600864407,1.572596861693464
A,0.38897708445980766,0.6711788204119814,1.8896736516581156
A,0.4388250414284895,0.7321559994158109,1.4366369379872947
A,0.3612872818822037,0.631417377488606,1.9186711858471455
A,0.3412779687671688,0.5291376606926181,1.2255643794298543
A,0.5910826851356366,1.3997265369159322,2.44001998520005
A,0.35401538497819013,0.7749495284939136,1.7560390632813623
A,0.5990737812322245,0.6095553321871925,-0.2605744779073218
A,0.365096460701747,0.6119547143983358,0.9361709140944724
A,0.425282509122155,0.5999414463347397,0.5386802781341296
A,0.5089409548186299,1.0058774219628062,2.6073045304151203
A,0.4023922021808915,0.6937466287288235,0.5679346031797036
A,0.4393125281258067,0.8662577614224748,1.7427381032768123
A,0.37586152001906437,-0.17486864225543486,-0.4297379751004172
A,0.35244751421867526,0.7184668532053505,1.7056747208369918
A,0.3834222976868562,1.2319394757724196,2.691571479328271
A,0.33502825792529756,-0.17255458528759537,-0.24217938191387398
A,0.5631382953958594,1.6451737136383309,2.7977275729728124
A,0.3832301397233536,0.723381568991158,1.4336679908554892
A,0.5722669197846699,0.7545261286418347,2.226075550602832
A,0.1314891322200375,-0.7050103762588529,-1.2730696607696825
A,0.40184207947146516,1.1465616292550858,1.9015731552459205
A,0.45619516724220865,0.19951798186186093,0.1514621773452129
A,0.37061787621623904,0.3003314282221913,-0.3111882559158361
A,0.5094653079198753,1.0371500952543564,1.966200140465546
A,0.4639692355203115,0.18316392016958405,0.9834286701763268
A,0.37253998796780974,0.06539328224004426,-0.49127755353739966
A,0.4435009258171745,0.08961122676688582,1.9836550584835617
A,0.6811878375005873,0.9661016644307483,1.0765247692679853
A,0.4251995126683227,0.9320674793262311,2.3180359906637267
A,0.42995023312069636,0.8464283808306781,1.8299909253820839
A,0.3560008688772035,0.737702706576387,-0.4625460930843188
A,0.41334970410228067,0.447934435058662,0.8564395815740906
A,0.27107388061882687,0.47684552953500114,-0.7659466274537899
A,0.3801709743337036,0.2252360871850133,0.4359985661383454
A,0.6457587626290852,1.9674758005809,3.8700215562005558
A,0.5067215550736305,0.8574459098512456,3.376655586379731
A,0.46414206555940485,-0.2812795845052517,0.6853546361644902
A,0.5103921664604997,0.2309343514640665,-0.8732462437864341
A,0.5881754991107486,1.6829146544031843,2.397200190504723
A,0.4593588114791121,0.005794573405844106,1.800178342743893
A,0.6070878525776087,0.691784383455907,1.5569080514495168
A,0.5069798358456994,0.9622826113852134,3.44259677555389
A,0.41665195100182667,0.07666608532208319,-0.36385499375630714
A,0.5719476555288637,1.3912238318753625,1.7681499053038516
A,0.1640785261987222,1.0856595290661335,0.22024446032207878
A,0.34286510380712243,0.10192806872142207,-0.04709738320595469
A,0.4265787046748005,1.2045158849410984,3.2055798723885163
A,0.30879090868661146,0.0175748573257698,-0.7383764950663545
A,0.3843941597170501,0.07761628488958028,1.171414781828056
A,0.33612091036223635,0.6270239097856837,1.5254584228996029
A,0.33455847884143336,0.6208033902087021,1.8455007537927965
A,0.6711926334530005,0.7087712495042792,1.1891583078280341
A,0.4627473889073379,1.1151332045795834,1.8737689762343541
A,0.39460521508095125,-0.14268300041031168,2.174740574375999
A,0.531516722427488,0.3694421132905326,-0.3881145900833126
A,0.3762662524468908,0.025464684182811226,1.0163863036056462
A,0.4885339675170791,1.1119827852699173,3.3893219526891194
A,0.4350815840962548,1.0545734784081997,2.2045942447170646
A,0.5626573604958716,1.1774562636131913,3.674832605911871
A,0.2580128693671817,-0.26078093150091364,-3.209996068286578
A,0.4765721072023792,0.7812422269592147,1.0861430519958875
A,0.41222497453650575,0.8471642186589383,0.2596176395848988
A,0.284261662433576,-0.38209749562214085,-0.8118647752672197
A,0.5065420181582666,0.348966475714005,0.6975757635769726
A,0.312762433867057,0.7920748220850731,1.7524710537862447
A,0.5619238484596983,1.1947128527363153,1.1756721363572893
A,0.4513093008402508,0.8045813490371729,2.2713831508286977
A,0.46954839830855627,0.9753604349196012,0.07269198593089299
A,0.408045738824723,0.774116636423776,2.2797633702053286
A,0.49045284867587324,0.810638631687985,1.1805493498230784
A,0.2134348827515162,0.2655238944294422,-1.3308557678801631
A,0.40747277939499377,0.1754930544935671,-1.3062759142583642
A,0.33717491931959,0.38298821874378036,-1.0928857698382741
A,0.42826603073765435,0.4409415737838962,-0.14170321326506952
A,0.39528430933468484,1.7518138178162819,2.7781235144818446
A,0.4616577883315686,0.8226070452032881,2.733224769580515
A,0.3162368553237861,0.4690077168147202,1.586166642972873
A,0.5839151887187319,0.7598840332850525,0.0844007884903466
A,0.6315858597250452,0.8897762543861721,-0.6666336158345096
A,0.37917165819172494,0.4326240311810037,0.4903896840683661
A,0.39850268141823764,0.8701065263914669,-0.009571970345053193
A,0.42875576503663565,0.6284112349397254,0.9250685548503902
A,0.5264085750377662,1.1951527128530208,1.2838037381546612
A,0.5896900955803637,0.5369470966355459,3.6718024524289636
A,0.2794197209191485,0.5942468755343674,-0.7959055372989146
A,0.33848914355854876,0.9463118173729417,1.7821890664653801
A,0.29378438765721704,-0.1364529115461367,1.772656981948819
A,0.2887218849561171,0.5169678267412097,0.41212251538330424
A,0.2360703752683017,0.47763928701350267,-0.05915734545369611
A,0.43628034862171355,0.48704688710059496,2.578546137727711
A,0.2840963534978794,0.18256404202682838,-1.7770609326575781
A,0.5503261952705487,-0.10196576056427453,-1.558815418074265
A,0.490831871634047,1.3106584387684066,0.8576557440155461
A,0.2970290474686723,-0.02091832211291239,0.46788061660067604
A,0.29697913822934424,-0.17471656144808057,0.6282933731491707
A,0.33876155823158866,0.837099073233206,1.1757547036023568
A,0.5399965496021866,-0.10614252027329685,2.3337431980449153
A,0.31503926402869886,0.9541944586494838,1.2450911088749748
A,0.25064503322109616,0.5930771123979395,0.8933834180108668
A,0.39505761147446616,0.8916312256106513,1.123494471959238
A,0.4373389944001361,0.5740080728262511,2.257402661307914
A,0.33427425149171897,-0.10726190962828575,0.0023746023758532825
A,0.5619430806640705,-0.10146686866798948,-0.21137340408083172
A,0.4240456780414588,1.3644745287054265,3.8239864667892984
A,0.4453037786774875,0.4319851945855412,2.1436279923880983
A,0.31444672790167344,0.2133295167256844,1.4510153162402228
A,0.39602701614049113,1.3851219022278538,0.8745016632644913
A,0.3843481185771917,0.260820940784463,-0.5098608908864537
A,0.17277558853791436,0.1401835403139695,-0.009688868235002202
A,0.42876572287108616,0.5246493646777604,0.7183210449947333
A,0.2205192964677678,0.26204907242850933,0.015527835054283012
A,0.3971214354387842,0.07596122058467536,0.10710065043991457
A,0.25260571731817616,0.09880172292336203,0.9034299958869514
A,0.6019650642095354,1.545692119450361,1.5398220410439463
A,0.43262622729486566,1.0294859080016925,1.950856577006393
A,0.48613576138837744,-0.7593590140598417,-1.1552061321110523
A,0.49190081310452455,-0.2414146000154742,-0.5095643345812617
A,0.2675511302705138,0.5681450820367726,0.6475546527044187
A,0.17182076850394626,0.20125400864686982,1.089036409887168
A,0.36704218471556366,0.3633000589614752,1.0128651787366398
A,0.48971497471863673,1.2559421124428218,1.2921460455884148
A,0.4091034511577335,-0.2784744860851516,0.2061130629411067
A,0.4785432247077091,1.317610860827057,2.3038689867707745
A,0.4936632573010209,0.8062903477678689,1.884660717060762
A,0.250760289897937,0.6503434684708547,0.794700352365995
A,0.4287683723718446,0.7698375080524533,2.377811240731077
A,0.5966474627915337,1.3180415374012142,2.66461930197362
A,0.34294677048970523,0.3892542596526557,-0.36954372617279696
A,0.19709278742619152,0.024510165214670032,-1.1339824664626112
A,0.3768095446802395,0.9559999842345207,0.19066084446367437
A,0.35353312788510993,0.6178510846727612,1.518707838495079
A,0.44183810226186715,0.03561290904677894,-0.32007828994159515
A,0.3107593665336576,1.1409461371936587,1.4685004561062673
A,0.4090716773028647,1.2189897674205632,1.9399373115064786
A,0.17825823889633485,0.9881062979579436,2.7395986760754907
A,0.48539633716563885,0.7679430013354567,3.6411715231856654
A,0.5586866543066282,1.0132963519143163,1.7369318593473166
A,0.5297877613858458,0.6039104513470972,3.2588308738625162
A,0.24847843415722043,-0.11369700476218997,0.5798666314481129
A,0.4319196175875604,0.6806154549863769,2.4999800884075416
A,0.10160297951180364,0.2406587194290175,0.12901348661995432
A,0.428318592178049,0.31109717999346775,-0.47648560560420605
A,0.393563982811078,1.5051933788754526,2.901623265369098
A,0.3004205755542483,-0.3573265165869975,1.031715211625153
A,0.43437945184982996,0.2438968257874406,-0.8855211278626288
A,0.4138014655008037,0.285016591533499,0.6637266616230537
A,0.4939502854195422,1.3865281257142805,2.5511186035226068
A,0.4127308524239558,0.49080103639929973,1.6121272518942895
A,0.42350270128644235,0.4727849094952697,-0.09544979507009543
A,0.2054927737826257,-0.134506479126142,-0.5897678707382726
A,0.2840277049009892,0.043793902409657415,1.2174895979661513
A,0.3524100613090471,-0.1236948434720192,1.918711431581455
A,0.4296844530770174,1.1522952857413733,2.0559322410974348
A,0.39937012210426653,0.9035004633514205,2.5638746776106425
A,0.5500890356901031,1.3201505493949592,2.455886690064278
A,0.31298408099623426,0.13829620086016636,0.8743826548981496
A,0.37603679265345297,1.8200136279423913,2.456864823974544
A,0.42550806947827813,0.14760605579291086,0.3138238031597308
A,0.3768502590373294,-0.46163144752273655,-0.92547524642252
A,0.4495580395176891,0.5282821318198266,1.1954589816952297
A,0.3429437175995128,0.5829752631464673,2.1951777184254384
A,0.5420342305159297,1.1912216656857122,2.288690554583589
A,0.3680409859067108,0.04334613142340504,1.0099012147237536
A,0.5115945184581825,1.0628193899094631,1.2504060530896233
A,0.3969696632798886,1.4493806917439294,3.0627194236850137
A,0.5491522346327862,0.397765967949501,-2.1777881581018415
A,0.2601883989162306,0.020199400705168458,-1.1987467698562504
A,0.4516797554103319,-0.17391055647981057,-0.2254853967642441
A,0.3567423623850122,0.655584040878997,-0.6333641265842578
A,0.4231400761021485,1.0634169979100248,2.3892665179329815
A,0.5192805165554872,1.162391103405748,2.244163756111954
A,0.2860903201188552,0.8459470629045094,0.4858273307844374
A,0.2677970265273024,1.1097690106795797,1.855694629494721
A,0.30016331213802133,0.5139662059351338,-0.5671799928532378
A,0.42543875743021137,1.1145441237938842,0.9825043226014227
A,0.21131630746391952,-0.15883414589182893,-0.4484244275129008
A,0.40965937343764325,0.2190357958533375,-0.9882972096605178
A,0.2713770672372625,0.5274986915202706,1.9987073084344147
A,0.28562781736628734,0.019430876781066586,-0.41389523627514696
A,0.36308222548166025,0.830474944802639,2.473260146659036
A,0.4380597584580302,1.3446153363029176,2.0785260326446924
A,0.3373585496514123,0.7078059570958305,1.56665146157612
A,0.35079561068575715,0.15747764102386397,-0.42157432782544557
A,0.3958155771819178,0.2194854381405662,0.30926120578803135
A,0.3727264463863874,1.2417729240530855,1.6071428017997866
A,0.13234786349594846,-0.200546114354238,0.055231652315390845
A,0.3569899392922987,0.5801435654129925,2.472914028943628
A,0.408496405782089,0.4832971808372782,0.4336325932401536
A,0.5097779487540631,0.7911776315441637,1.3466627640350606
A,0.6046332776364761,1.4551346113323076,2.877640427817892
A,0.46669878495916983,0.430651622181154,1.8355689816074405
A,0.4079092192711059,-0.09333259748095657,0.08028904756550026
A,0.3035236532690541,1.18115355559812,1.5083909534312552
A,0.4089053370798071,0.7248650823090254,0.7528440826338145
A,0.4778896902280245,1.0796991014202788,1.8986571618467019
A,0.5264644911519256,0.7800076949091133,1.7534370745648935
A,0.3119488665948599,0.8567348324804496,0.7601880613078568
A,0.42364055956309504,1.2678296218219907,1.8038944224459326
A,0.48156044659893865,1.405503829911805,3.112390799606449
A,0.5860811669176095,0.742394712986551,1.481260157077463
A,0.42555904857352467,0.46226241176102273,0.41135116110032555
A,0.3458496283912299,0.7162085603031976,1.987908604797712
A,0.3310400342909383,0.6001458213801184,1.8180664560899498
A,0.36425592712715654,0.8292820305937811,2.0649174578665606
A,0.33480797960700576,0.14674261368697872,1.1409433816221104
A,0.48265358482036486,-0.4383690381077463,-0.6247512904372906
A,0.5069305722530699,0.9854057934184348,1.989317572466795
A,0.4724856822291495,1.0993513340143868,2.232064154223721
A,0.519218624306914,1.100335538756838,2.077824435203267
A,0.35462314617018204,1.3616561736216348,0.43111670619510734
A,0.4380335058680953,1.0831646797673757,1.8480740538518707
A,0.36153368243694844,0.3481338377006952,1.1285303394503505
A,0.4043658688253091,1.0992617562537617,2.3578940048263863
A,0.5224985742468972,0.7412804847691631,1.1575005495377668
A,0.3970264688180335,1.2231822007642066,2.062684198901671
A,0.21351942023453369,0.43927302583204075,-1.0230292131929588
A,0.3747184012383133,0.7888329196862339,-0.09251451085511175
A,0.328715020431272,0.6069344067941375,-1.8583193351618799
A,0.24910828802075716,0.40091495027046403,0.5314716281423848
A,0.3209634310814605,-0.2668412054497175,1.5094951589814336
A,0.4960624803299854,0.7729637071319838,3.231624555973238
A,0.5680910648905285,-0.2841375381472684,-1.0719297844166205
A,0.3510993958233823,0.7755505941132703,2.0186459130942778
A,0.5002535836763284,1.2463398337197202,3.4059993559551285
A,0.5178222101472418,1.8022849563515004,2.633576678436128
A,0.284020773212864,0.6130693623052438,-0.8815442781907166
A,0.3960637295252822,0.23584735371875015,2.0721963901516185
A,0.395553982912638,-0.2014573202311274,-0.32299277421893136
A,0.41723856788314223,1.5997429299332377,2.1816700470111248
A,0.240624918961813,-0.35219775407458637,1.4139190130710424
A,0.36508577608744086,0.9953903658467291,2.1582650892481787
A,0.5057821207062287,-0.39446156827744183,0.7005123622167002
A,0.5262203199173471,0.7635857952743662,3.0984243557264604
A,0.5831362081018575,1.216316067769806,2.026579028709562
A,0.36624909544827483,0.7119915433587523,0.3204552557013163
A,0.5869507556296727,0.8596559128052339,2.472437649342006
A,0.46659051116898653,0.28753131460587816,0.7907089007954177
A,0.26407988322758236,-0.05721325922979603,0.8930476311939217
A,0.4761609282053856,1.218555677528922,2.5100490620383016
A,0.36477199657491227,0.7650229637187577,0.6250451265031373
A,0.4519076264122618,0.5975672254567667,1.2534955006757005
A,0.38974760574532474,0.6880348279214326,0.969822684253454
A,0.5208238640867652,0.3178846096070648,0.6586510103419132
A,0.4256560159419808,1.1496294570129844,1.9429617371620647
A,0.3717494981898706,1.1881114319989876,2.3473079372069603
A,0.4964965768438455,0.35481948756706116,1.139178408017501
A,0.42562217764227606,0.689443710001528,0.06837136865741567
A,0.3587043599217328,1.062180190924595,2.446288396876815
A,0.5277274362055846,0.4706768888970834,-0.3151951610866399
A,0.35916547575492913,1.5560366034436668,4.726613601040703
A,0.3362865136938912,1.259744249223514,1.310657500729926
A,0.3460425387967703,0.37962583441980446,0.7913981819342966
A,0.2534527911901484,0.8695652456830082,2.8045452113466
A,0.3446792830522296,1.3481171669848633,2.0075609169578774
A,0.5860877692037856,0.25708642599240883,-0.39736328174671787
A,0.3091716064759159,0.7733695144453909,-0.05758055368292436
A,0.4008418903741828,0.5290877422638167,1.3886977503243874
A,0.28918166504613496,0.3255042734149374,1.144463004323868
A,0.3388646848224199,0.8634503207464341,2.3550374094315836
A,0.5518692158949674,0.5892652101012765,1.5839592266513853
A,0.4896355735894469,0.03457715779958115,0.003282595141819944
A,0.3389749649757931,-0.20261873422583776,0.5057565523957777
A,0.4006220116083705,0.5910653493705518,2.6354892040615043
A,0.31739960381024207,0.7905500669179876,0.6040509649118823
A,0.32157946477419996,0.47043091205090226,4.541154334837125
A,0.3085177801961425,0.3864789627259865,0.4148639916316116
A,0.3102860223099759,0.450030822935942,2.1777511556338784
A,0.4325949273118174,1.2935488702724383,4.09188794943029
A,0.4596793166752398,0.9547456405878918,2.663534332198394
A,0.4488242492636419,0.300280850326096,1.1279625901845785
A,0.3830563143136589,0.43019214335806943,1.6779232444387793
A,0.2641954799642909,0.9986377470878649,2.991625968714284
A,0.39328895283608484,0.2997823481668344,-1.8658509207687062
A,0.30757062581621775,0.26398800116491605,1.1197590767608294
A,0.4881301132519483,0.7196630366647534,1.0350482284159057
A,0.4556442944619554,0.15101100859995997,-0.07683858444443004
A,0.47468915307081105,1.1632177544285303,2.1669534671845163
A,0.36516316835271523,-0.5469921836442684,-0.2545479765167289
A,0.21889808264713573,1.0540331771365998,2.184043608470221
A,0.49578963935854925,0.5261052777133058,0.5834201161523542
A,0.5226321334943294,0.1556573918972317,1.8000377305547088
A,0.25166833915540887,0.5186342491810381,-1.1358282258736583
A,0.4137916044231795,-0.23492439476229943,-0.9400546888409731
A,0.519325257916176,1.047663057625598,0.6868481723439148
A,0.29242764503863605,0.8254534669661608,1.5144911147874933
A,0.5767682775869889,0.5771972435024699,0.7849924094673166
A,0.3650967543479275,0.35319741017014283,1.3307927846258911
A,0.2924609889647972,0.9130638808221856,0.7366107168229151
A,0.5371658040929701,0.47037634501375525,2.3860544088716935
A,0.4294532136510195,0.655430984018335,2.011773795093701
A,0.3346861838430667,0.6758375364782289,0.7043618071273978
A,0.4879787952891402,1.5119481150132632,0.8151201306682199
A,0.2044232871630297,0.05509732097900161,-0.9494207825417547
B,0.44480182302738724,1.048415148971347,1.2198808895928144
B,0.7242464648079605,1.1327147128221229,2.1710802983837403
B,0.6757526427179592,1.157097457756098,-0.10360570245954492
B,0.4728511678210369,1.0598146823027412,-0.032971006005524384
B,0.7888032254702566,1.7828158605153122,1.4722864054008582
B,0.5703677537780228,1.3554511469616477,1.9085735560751103
B,0.37415384665368634,0.7536889795241295,1.963568861178921
B,0.7089552287018512,2.05313276789715,2.375653966192611
B,0.730638703171152,0.8323224646531999,1.0526779183904187
B,0.6007071738232983,1.2920823497459752,1.9536653188153772
B,0.5101600984297778,0.1837373697276199,0.323085748494256
B,0.7237639447842792,2.2729728600423815,2.33896002350677
B,0.5494660171545351,0.6907280764968318,1.319303956996248
B,0.5982930060580318,0.9665590015588111,0.4938941231271117
B,0.6471554414859069,1.6520203245714353,2.07827875333548
B,0.630694779108693,0.8400636011574699,-0.31359589526684517
B,0.5540443736862001,0.3989024603763713,-0.06854192227065015
B,0.49567025023184763,-0.19427186579678613,0.9107888642171131
B,0.6755305878809525,0.8662918572238665,0.5210049725235356
B,0.3786761153224763,1.579607664542684,1.8856045824957925
B,0.6332624562326755,1.0222202467076573,1.4478649173295193
B,0.6271719134320819,1.7956453900623988,1.5713408336662356
B,0.6528929792303445,1.3813595101797544,2.9711447196476675
B,0.563312878492824,0.6073852632700512,1.3464955302554047
B,0.6222694097393986,0.21205541242973647,0.08241179175252666
B,0.6797330527196493,0.9088919899302282,0.6852449626267547
B,0.49564829188196885,1.0386274801500186,1.2466898956123174
B,0.6056645932078962,0.7836162726719892,-0.41579670320019746
B,0.6383893657492907,1.0279927726301585,2.354304053870975
B,0.47409915007712156,0.9841927729244497,1.0017087542007328
B,0.5054482997481322,0.5589347894331936,-0.8752496273980085
B,0.7586747404017835,0.39281251469300194,-0.08127884675151276
B,0.7042845710583112,0.8719135372109765,2.549203449477692
B,0.5258186952966097,1.0532460500754084,1.376110728752548
B,0.6726672708927004,0.5741979334694148,3.050979602300229
B,0.6412992527078707,0.4091429558381885,0.8194311854974959
B,0.74109775570477,0.5851449611901532,1.4549048103301123
B,0.7147861027330777,0.9289283384224931,3.1230509415102428
B,0.3571392667568223,0.4466378651355701,2.675168213984035
B,0.5704538738995973,0.7997969792098317,0.10397928067073037
B,0.7383897360442647,0.44333040260735335,1.7580154532461876
B,0.764294864436191,1.1319551658523543,0.37517591817728646
B,0.538668808765016,0.46277377516410423,0.2953669020036938
B,0.47704262827604943,0.2116840472430651,-1.1773507254969044
B,0.6261514849954661,-0.018611721027428585,1.0507391218798996
B,0.5361288316015298,0.21469626813160791,-0.4177959978927823
B,0.598832664246203,0.5573754396214523,0.10286560939668221
B,0.4832858299291485,0.7621704085357449,2.7893369469611557
B,0.677160132672504,1.185646074164826,2.2313892933234305
B,0.6576377847068887,0.967419235185095,1.0340568875047225
B,0.6464718269140518,1.0501097559808743,-0.5074879922531694
B,0.4904378485600704,0.13483492966804222,0.7892055451384996
B,0.4313877964538825,1.0119355432652588,-1.1955721995056465
B,0.472415911683563,1.0823474772249257,0.24434779251435645
B,0.6501006880284103,1.2829786374900782,2.0612975416981745
B,0.4202401566989618,0.34832691019410117,1.360624418085055
B,0.6662497812696662,0.9237114884775497,1.3174355432824945
B,0.7779188214619934,0.8999731603450593,2.0397058565069726
B,0.5374551971233222,0.11354763083309471,0.6882927786070756
B,0.581732360770249,0.6700411918004839,0.16848790410929448
B,0.6989495066651844,0.24193850850841658,0.7469082974592589
B,0.692003725410868,0.12114613517051198,2.321559349566183
B,0.538593141446933,1.055901074879192,1.1187542845528549
B,0.5829572872734832,1.1187493837061844,1.54141805372443
B,0.6127349703649224,1.307290211197778,1.937168932586316
B,0.5739952785762787,0.6114890749730716,-0.4707096177080249
B,0.6585344871520403,0.9720512129239999,0.20175259863806105
B,0.6337421803805438,1.188395892434696,-0.19876348441063274
B,0.7315433601416274,0.8827660286792497,1.5467845076067213
B,0.4298887692149258,-0.4016019063113664,-0.29659388414743776
B,0.7193544024937737,2.1735501941807334,0.8787009731148896
B,0.6826353611280292,1.6189533757859806,0.43506605797787334
B,0.5875959765837995,1.4847321668278637,2.2127486278095074
B,0.6426533937502741,0.9864149065934061,2.0064126178221042
B,0.698694828816369,0.627258487811788,1.391929834384462
B,0.6311063129226739,0.9682692314079827,1.1974540916876841
B,0.576201260728632,0.9907392415655657,1.6342506539222865
B,0.6292448798701323,0.24220848597039946,0.6734611365598476
B,0.531348597291648,0.5447089481204301,1.1407242347577815
B,0.469859299617097,0.9711706627744453,0.6396684657039884
B,0.5134773392719534,1.5117620312047997,0.4526967557402948
B,0.5238936290482299,1.0792641827468783,0.42303884606385067
B,0.620094379743242,0.7188004763822128,1.2299046099858866
B,0.6805444554744596,0.37021121475514296,2.427127671502757
B,0.62564666948112,1.9465296507030485,1.0001993094123434
B,0.7468899726960471,1.1758912067174132,0.3063751659716025
B,0.5923918069148467,1.2669181264529525,2.0414060845944135
B,0.5369452716082866,0.8173121382439696,1.686922435291076
B,0.528678173347598,0.11938255729941094,-0.23137540475307306
B,0.5112888934355281,1.8491990436971728,1.0941482727389997
B,0.5709854077333827,1.1879759555074334,0.6638923124598268
B,0.7390605807770606,1.7171818353346813,2.0728009208383975
B,0.45440379260499253,0.28523947294188345,3.522599615663968
B,0.656957767701209,0.9678571119366235,0.449111330864013
B,0.6006108877558977,1.5812046521447358,1.8344989617617489
B,0.6859870839823197,0.8494925524873241,0.609066871619114
B,0.5555089175105717,0.47029469036913524,0.86750689415822
B,0.6753342981240396,0.4466367159059529,1.205689558264434
B,0.5532169010250202,0.148031279384359,0.7664592167284355
B,0.666353496270162,1.4110086959571828,0.4824249954049631
B,0.40775162460218795,0.5788522080721331,-0.29728148660260945
B,0.6528894454996084,0.07508503500379982,1.4264867165948267
B,0.6782405571721796,1.7766353725767887,1.989135311700396
B,0.4446583648263507,1.3033340276078635,1.3904230433804217
B,0.6890992053679342,1.6087964813198883,2.173594657175811
B,0.49083540183847735,-0.19155971631995794,-0.5456450086638303
B,0.7034709464053958,1.1049238695601602,2.4409463861218956
B,0.6044266672660581,1.55323501312869,0.6974861330921382
B,0.6737449908437239,0.489520590768839,-0.24451156479557645
B,0.6425493190406624,0.5602396177746694,-0.14488695216145098
B,0.4856413176708227,0.6058094492717988,0.6031234817768527
B,0.7604850242537483,0.12706567462110718,3.1893306986697323
B,0.7275382712346439,1.196946836000495,1.3748437272449978
B,0.5039030462121119,1.2493473479048158,1.4710966160180043
B,0.6627936546052111,1.3243764418263213,2.8646219165237694
B,0.6525936394747326,1.724787691657478,1.268957527148543
B,0.5387229823773276,0.8530901290593876,-0.45485606077170937
B,0.5026416880021858,0.7367686595076545,0.1938633130701377
B,0.735103056315216,1.0062055809314403,0.8117157774911299
B,0.5672369176669003,0.49813979140031983,-0.9160341572944097
B,0.6978321926766802,0.5068707714249842,0.5317717490354874
B,0.7976412583287276,0.8222240953426684,1.194330598037446
B,0.6559973799447052,0.9391065894936637,3.057914653770344
B,0.5189031023887829,0.5054333890283793,1.4238285948229876
B,0.7060375406489925,1.1095205060151312,1.3447555709565084
B,0.47027081572518237,0.7419846790461357,0.2652873290950152
B,0.5169212357861421,1.0925609877517595,0.33359857114629166
B,0.9006799452654913,1.0900071245134568,-0.42143242600236075
B,0.5282380132403555,-0.24698827475636165,-0.025011234802115728
B,0.6428515249017703,0.4795235003518886,-1.4968550807205774
B,0.5019737445026369,1.7074740834937876,1.3075034369930876
B,0.5956736244046718,1.267342774299106,2.8390174891280657
B,0.6279476386151424,0.7350957633624218,0.4959751272878329
B,0.34290216295158077,0.40936487605449423,0.8298704034720182
B,0.5421358028765008,0.7677204187607357,-0.02853887774234609
B,0.6739408001114819,0.7734645173404713,-0.9024921357032349
B,0.6944188217765629,1.1378455104191603,1.4594699382702532
B,0.6413222061280643,1.3039691102181394,1.035412256280943
B,0.5127693545425581,1.3780832935478429,1.6876028158132768
B,0.6469167034530308,0.7875382810993874,1.048536748160798
B,0.5580868264304341,0.6902610444843171,1.3790303565468727
B,0.5299880157590118,0.6277732712765014,0.2561373637244284
B,0.6070589016606085,0.9241120269251472,1.51542778867194
B,0.8348598356056345,1.783173639432769,2.7617694109340363
B,0.5167544607835772,0.3961342845095728,0.029761960377473806
B,0.7109991466681308,2.169984580836391,1.6291767735149902
B,0.6322909459892061,1.2258346731223195,2.262746245584838
B,0.45833440201503406,1.2430536026960013,1.5882303238389117
B,0.5155295301232469,0.3216756733040684,0.29381788948800863
B,0.5896792952200359,0.6968042738849088,-0.6753282279535567
B,0.559348249348614,0.576711739718272,0.4511341931659798
B,0.6327594107928841,0.9726890311138408,2.5211459122166957
B,0.5073345180175398,-0.25776035320453206,-0.33397109451077345
B,0.5049819013160974,1.007386264252891,0.8051926724574916
B,0.7069575462825524,0.219464768480922,-0.2847895335103747
B,0.6031921295327561,1.095803122678636,1.0216168638709344
B,0.5212510995459823,1.2957260308031284,1.1992919788171184
B,0.6062924114232457,0.8852819678270626,1.2618255591034513
B,0.7898595815630463,1.1052957080437795,0.6443354570984822
B,0.54802302129034,0.7448449555229547,-0.25352423132642576
B,0.4572269614800082,0.5836817754646774,2.6967723994842965
B,0.6996974588649272,1.1910950926064396,1.4219117199959432
B,0.8024895035668785,1.6704095945017188,0.8501801053101767
B,0.7318905642334775,1.4357918493622994,1.3040646398481623
B,0.4742258853600573,1.4791702992029843,1.7568940217078384
B,0.3993745693378321,0.6648485920303758,1.72691454781523
B,0.7315448078486706,0.8629871102538584,1.3647175329691743
B,0.5871175589382281,0.6706787068292691,0.4998014259723668
B,0.6553794270304149,0.3896871774396634,1.1767560802068737
B,0.5860285350791831,0.7131138458656467,-0.4996316134881067
B,0.772509474740478,0.892939782289068,0.21045489443255705
B,0.611576712718,1.8418671810064393,2.877228208366558
B,0.572470061956515,1.154205157563976,1.3567039202717102
B,0.6180439356739105,1.8605565059949845,1.6287662155769411
B,0.4837073476420108,-0.1918807260874601,-0.47566703803540833
B,0.6199235235533325,1.117783476634975,0.03405588810352689
B,0.5943546878012351,1.4442500579786386,1.6261834984979773
B,0.39138580620993235,0.7888088706807167,0.7984518935687601
B,0.4885138937343698,0.5430946986456531,2.3520844178621725
B,0.4769420600471971,0.842006408932144,0.039048883402846735
B,0.4451766519149115,0.7608857298454544,0.7925279389084359
B,0.6377499269750876,1.0657298531564798,0.8027684378145772
B,0.714646175198621,1.2484170087025757,0.46435223117537416
B,0.6338704000858091,1.4684868018385873,3.20272984252012
B,0.45304450531658436,0.8381522955068328,2.1777743384558987
B,0.4229482244857916,0.8253892157048299,0.9482967732211521
B,0.6791281672918976,1.0759335231071572,-0.17570181834483423
B,0.569837992247214,1.132364129930708,1.4438210057184866
B,0.5904853833739602,0.5829947812851195,1.255628916273583
B,0.4705445275738545,1.0469827476770723,0.4037119244754297
B,0.397173873836735,0.49002888974037884,-1.0132063357286278
B,0.8214780495997466,1.713780552471783,3.5004420789021458
B,0.5390016238178056,0.5726020876882397,-0.6201335177274276
B,0.5802267466834237,0.9011959218426795,2.0397582213147993
B,0.484838313554757,0.6988930157568194,0.10488798752513351
B,0.7521271114275783,0.6821590904305959,0.5785559647292423
B,0.563511990745412,1.4272512754570676,2.3241191486749386
B,0.5826843034098257,1.1203798935216633,0.017215552870973205
B,0.603036788034273,0.9839296479082219,0.729114218525946
B,0.5970991456049135,1.5697603746820976,1.4055766847362259
B,0.7399872430814866,1.0075876107367954,2.326684598485993
B,0.4160190612690601,0.6750476018387764,1.6716279765596358
B,0.660762081585096,1.602845395271815,1.6691107794975575
B,0.5356749147904014,2.081449139774463,0.5610437987706527
B,0.5567844377603519,0.939454036363674,2.15818882497421
B,0.5357315789578756,1.6719460019417558,1.082163370186116
B,0.6399596962187869,1.109345247477754,1.4583959983300354
B,0.46891857265829606,0.3685815182366688,-1.2888031265283333
B,0.5431614551769837,1.1285276285108747,0.9457989271887521
B,0.6531024416679709,1.6579792717874353,2.0750759559172716
B,0.5396788642945345,0.9699373177595585,0.6570540221838699
B,0.5491046938635782,1.118420438431773,1.7158723254010095
B,0.6343753410836825,0.47454774432867824,2.0050077022549493
B,0.6055323226931608,-0.16197712966436195,1.817249812570094
B,0.5631178948804186,1.0203501705148208,0.5187881790453353
B,0.6019355076617451,0.23916232960391104,-0.9520277403713984
B,0.5079300911014466,0.7671997719502842,-1.5666274636097968
B,0.6820218517418672,0.7306471058913424,0.6323143469001682
B,0.4870545630720039,0.8318163256503844,-0.7286166228899078
B,0.435699787597023,1.1030690677661172,1.4678612238660356
B,0.6385828002324416,0.13620168860402715,-1.560344191921366
B,0.46437717680606916,0.6293867168975942,1.751800843089494
B,0.5001260208249723,0.6800260646889709,0.8156206001112509
B,0.57394965388416,1.5312140374598406,-0.15101153430949021
B,0.6660925232127186,1.031128363502317,1.4084296829083944
B,0.547418835247947,0.41190264501295093,1.1720350866176128
B,0.5507948772721543,0.5347165373796912,1.2470841955875045
B,0.5521829287750153,1.7208622815750065,1.511042204805539
B,0.6323530439249969,0.5043470260583858,1.3410217538717024
B,0.5435726024187976,0.8360422561052832,1.4076528629032958
B,0.6183336924609942,1.0564297033673715,0.7704062473493712
B,0.729996766589845,0.5208452554366316,0.9048089555080887
B,0.5716147283546641,0.4469761692937322,-0.6426592758852632
B,0.5567689658814781,-0.15119084475706146,0.9586337864323577
B,0.500698722946662,0.2957260416475221,-0.7980877741196849
B,0.517872883350238,1.1002992611038085,0.868104125220305
B,0.46953083403316387,0.807869515378626,-0.35043762025889746
B,0.4835952756363199,-0.2189135015840985,1.0165537824947743
B,0.5352968934857485,1.5145290803850595,1.508033261325125
B,0.6267875201762657,0.2776848484428104,-0.46814198048075795
B,0.6415843039549617,0.4867661202556158,0.9656225162269612
B,0.5500031897772825,1.621960814056264,1.2102836042282616
B,0.6250332436773108,1.1680947080827122,1.8134668987898097
B,0.46319077454799074,0.6568196573101378,0.711990517746629
B,0.7994729436700776,1.9425349762166728,1.7919159934661457
B,0.8399079134172613,1.2227858781070329,1.1360789902151365
B,0.5810705226231482,1.0445662989224431,-0.5865688801372664
B,0.6433429418798842,0.6825560126668956,1.293235916106185
B,0.6027896998677122,0.844078669811973,1.6357960306129349
B,0.6706707618767732,0.9708355859984426,0.09635935225223835
B,0.5298980124885386,1.3429777873753874,1.6917524251172993
B,0.44125050744536565,0.3496681827120909,1.5772022910118473
B,0.6736144623266502,0.9108493407365394,1.9089933274335038
B,0.48404150731380424,-0.3557146540923528,1.25518597371696
B,0.6280706515879214,0.08827500839085278,1.3068738093145333
B,0.5009231136789242,1.0952873818934352,0.6305342869920341
B,0.5160342707832949,0.5768596939006113,2.8302448151714854
B,0.691209419843551,0.8600850135216092,1.1145884973240536
B,0.7540097785319829,1.4283291846755755,0.9363593208631679
B,0.5776208415222954,0.6963658576668773,2.2987499406819323
B,0.5509278590855177,0.8688961603848305,0.28874294991657046
B,0.6229203367431535,0.7882901838228575,1.825816239401827
B,0.5385298781908578,-0.20214766224041458,-0.5481103565960338
B,0.42020162502004915,0.9267712113829654,2.076033140757418
B,0.5910011354375604,1.6160085685128411,2.821781474452443
B,0.36961009851363547,1.1309104348952235,0.6011677496684695
B,0.635883756076573,0.973362267555178,1.7167372687320435
B,0.5426906659407922,0.932841818942318,1.7570759907763676
B,0.6119724090469241,1.0969276269150707,1.1463202961743935
B,0.44608775143499524,1.405221290441066,1.8159652759946967
B,0.5180842970251546,1.3563259814873454,1.2360761345126727
B,0.649598495290697,0.787406327414133,0.41077296464621216
B,0.729057902868087,1.0101292344156065,0.296731847210813
B,0.6766081416080288,0.8961658989808098,1.430595284514515
B,0.6313252211712435,0.6398684289621668,1.4712548085181232
B,0.48177141376125043,0.3942024972916094,1.4664406928989209
B,0.6498506109748703,0.885398794337834,1.6121608748924636
B,0.6060700633284689,-0.3151158818822992,0.9412386091222259
B,0.561213699665619,0.9969450457566866,0.8122356116565337
B,0.7228394732950703,0.825332196502335,2.8753442964084384
B,0.5160452896026725,0.13660850628227383,-0.27426848261874714
B,0.7684518149794366,1.0229788729563811,2.1139325064643675
B,0.5282170055877595,0.381593213761129,0.5662865428855876
B,0.5252853718738532,1.3470129158910353,1.123445193887239
B,0.5829881805436616,0.28661570982608564,2.7187142562511903
B,0.460994617410331,0.6851354632582257,1.4216916419460945
B,0.5459167556183111,0.9490541879169178,0.045126720908908124
B,0.6006323020598894,0.4458777156073589,1.2189222099669936
B,0.4232983848216286,-0.01741954706638016,-0.04327545187765658
B,0.509818062419592,0.9107657726671023,2.938558403595544
B,0.4537641299162447,0.44091269027524116,-0.051048028137235524
B,0.5487583527206749,0.3165339453879391,0.7973809971135553
B,0.7064282291236377,0.3047246070903338,0.33897123053140066
B,0.5491870663456421,1.0856316391767602,0.6999785300783146
B,0.5737757673345402,1.563773416253487,2.3288211501277014
B,0.6150140032196867,0.6224301610881178,2.0983375591066182
B,0.4815944289536962,0.9445756309306843,2.3300287561004946
B,0.6151947804125365,1.4251857613826284,1.4395209368209243
B,0.5406061006385269,1.268710233230772,0.8288248059268799
B,0.5279083796426329,0.46908129131993703,1.3549192375646846
B,0.4215303457611478,0.8612825021543845,0.6265405361386747
B,0.5293294826965615,1.1004940155783216,2.795689359182091
B,0.6958037645169857,2.2672337848623636,0.8625948438406654
B,0.7131447730011317,1.1502978452446366,1.886285217158931
B,0.5629680807027861,1.3383883886609986,0.25661463251398886
B,0.5995117174835347,1.284104551815136,0.4782713567777982
B,0.5503959678462352,1.130364477420144,-0.2621208697881794
B,0.4826960517328228,0.2260142937205808,-0.6732054839399328
B,0.4128523515103677,0.7528713098477873,1.4093868562405718
B,0.763069655003755,1.8746995027096178,1.2665361144905545
B,0.49430536418454707,0.5562011127458978,-0.22701409460250344
B,0.6141139195990353,1.0361397874663125,0.053917351371571165
B,0.7481959950623602,0.739427986261837,0.23092777781236973
B,0.5552457559779721,0.9672572208029939,0.7068936406402367
B,0.5773062561877537,1.0395500717347774,2.0421722100273847
B,0.6206148151190539,1.2750246539154086,1.412775811033438
B,0.5587355469959485,0.6502805311555158,0.8536390887649264
B,0.6196973657756357,0.7268530748598405,0.8850297826929334
B,0.5612852682927947,0.5718249905405054,1.5394948880330612
B,0.7083125908716952,1.2002703484187016,0.4911393992845442
B,0.6442847030312665,1.0587225221959404,1.5578118752214851
B,0.4775303301152795,1.8177399909464755,0.5610260405582232
B,0.4631158117827896,0.39372403670068173,-0.3974399545644991
B,0.5320984277470927,1.139247201168395,1.8273664301660433
B,0.5355560641396904,0.5442384084002638,0.8534141182201166
B,0.5229256322025084,0.562138412117789,0.6067442347430316
B,0.6895647529097673,1.564558026053883,0.683987920768615
B,0.525152492634545,0.9988795712733326,1.5439660345802904
B,0.5517773171058352,1.0921408668419743,3.3132417514109838
B,0.6117004590730352,0.27343796644107576,1.220443877780658
B,0.3992069649632225,1.8641018136631478,2.1763522996263864
B,0.6408668143519831,1.9778342585053321,1.8042885318629467
B,0.6558728076956131,0.6451510465311215,2.130936392625714
B,0.7377986306574953,0.4644238328133158,0.5381799919090082
B,0.5002333260028756,0.4090174241860988,3.5590985666317745
B,0.5520573478068294,0.9512353332080701,1.3673148470122714
B,0.6196280086374931,0.48522054336004466,0.9119325829929541
B,0.5612029468654213,0.983357950983841,2.3505164046456066
B,0.4534707848068857,0.36907814501533065,-0.43776421339880467
B,0.6894189912005886,2.378093732172527,1.5704000886308846
B,0.5707942827048018,0.7512284548219641,0.2991969565546001
B,0.634041780145089,0.7368558792300082,0.8291102312459027
B,0.49214430677173704,1.7176021971471531,3.3297542755695204
B,0.695014097785249,1.2099039014579274,0.5126462653188588
B,0.5646703659238312,0.8578211845040383,3.483503279255763
B,0.5278296315759996,0.7792510885803258,1.9406978763155251
B,0.6783677888784472,1.2978296134663176,3.0153928564252706
B,0.7101026174079536,0.8632557636568946,1.4233683765310743
B,0.5065067592889927,0.8215605023050743,-0.46764422325901744
B,0.6991335792015121,0.7899792752659598,-0.023062108815843807
B,0.7615590049825703,0.49592684483202576,2.277278902068373
B,0.6260709523424708,0.7891850802569322,0.7804209557742015
B,0.4592005832167678,0.7761728546704159,1.298444225979047
B,0.6568182734343196,1.7629314042788153,2.090289314582442
B,0.7065069895946121,1.1744698677944403,2.8828381434741486
B,0.4983529126160583,0.5866106901618656,2.1291473855309286
B,0.7671648375940872,1.2172083196636891,1.8517978983992927
B,0.5807572959376079,1.1643380497847309,1.4400004346957254
B,0.5884734903975759,-0.20214319176395468,1.3620730218702237
B,0.7098989010682014,0.8673138175256553,0.19659041393997
B,0.6213868751883616,-0.1071341710577276,-0.18757396359681355
B,0.7252892350818004,0.2467307183874039,-0.45953033379838293
B,0.5994448811600857,0.5475027047462304,0.034806031290088524
B,0.6394835327805141,0.9007708921255567,-0.27089974257551774
B,0.602970196744886,0.9316824641056758,2.0353556312950336
B,0.6245272035688275,1.0037644370676833,1.016737674499426
B,0.658958091205193,1.6303030944467194,3.4802729092088036
B,0.6489943564568303,1.1975900903853716,1.115178061775899
B,0.5705147704555492,1.0502280363234926,1.5375018206896236
B,0.694326552984273,0.8956702494402136,0.7827381657552117
B,0.5920308083285276,1.8359628823136835,2.5475011274617607
B,0.7208539236601368,1.7182748776435248,2.4314712892431762
B,0.662424386013316,0.721618790823521,0.7826352400007854
B,0.591878651640464,0.6182119943213593,1.2949274308069658
B,0.527632797378793,1.1782869957552946,0.5775029328194764
B,0.6049505596805839,1.4026552864424122,0.9913677037996671
B,0.7393748386691192,0.9670587453273529,0.3450440517213744
B,0.6199037873681051,1.4871249185070168,2.4468900102772704
B,0.6979914018578735,0.48563782333057226,0.03669834288455143
B,0.5922946251684341,0.8260974057302201,0.03576517045451988
B,0.5694624355481303,1.3607939966444804,2.3832407591665277
B,0.5312186665827611,0.5347230132667027,0.7298354629899346
B,0.4067331178401286,0.697323219748208,-0.4907484708568378
B,0.6319577091011477,0.9574138864990054,0.10310459444561126
B,0.6042931917337696,0.7973631375082478,0.4703800103707805
B,0.5954824411607225,0.0034064861726970097,-0.6060881626839341
B,0.6784348879650353,0.8779280915651945,1.0599639967665384
B,0.5020069432384009,0.8568437486414708,-0.18230257593588517
B,0.7698972523495153,1.271149479563287,0.3061036498196885
B,0.45405906216244185,1.0697390362001544,1.8417677914633057
B,0.6253056700678381,1.412103851826134,3.0942099126621434
B,0.48122766621575236,0.5724404232650413,2.0577257179902366
B,0.5728664511803079,0.7755290529361187,0.5891793545904416
B,0.715660999792554,1.912944175531323,2.4118457373303146
B,0.4509381825800074,1.1303035543977558,0.9406646301014684
B,0.6178209735353681,0.9637292479956511,2.89704933910134
B,0.6107119581202575,0.8392475570749636,1.3497480255047687
B,0.6176578519325561,1.4696661753348448,1.9841916207081227
B,0.6251646259914854,1.4839226088900461,3.375135778829929
B,0.6798582195199274,1.0072318225852916,2.458850465018161
B,0.6490430048007396,1.225250197081521,1.5008379628539015
B,0.6372823268966962,1.005114609950945,0.2320830259536889
B,0.6888059239706229,1.0464013295400352,0.9289578624227941
B,0.6658397583062801,1.935944524874346,0.528019541658034
B,0.5867295394980016,0.29132550167079363,2.313109934529008
B,0.4767741609372417,1.1157308015065415,1.0052089511592888
B,0.6788822581728835,0.5379408893696751,1.6053257623794375
B,0.5650107873271204,0.5404353126678415,1.0315375677026255
B,0.7637786121955459,1.58798997264287,1.0168796892961736
B,0.54337726452075,0.207250688526337,0.8643245309042134
B,0.47881772570849274,0.29005297044442174,0.9624386229994697
B,0.7124774572223858,0.5439866555160839,0.9162508624223699
B,0.5247816485734191,0.5254537716401715,0.7665723894125046
B,0.44957444248549855,0.8498259328386932,1.293250988783484
B,0.7168291271395119,1.6699218490775896,0.8276828422148794
B,0.4537782227184368,0.38986367312847364,0.5298185844812743
B,0.7306102441380518,1.5670401264508893,1.2435234917413016
B,0.5036192139320785,0.18822358291892338,-0.1976796831769878
B,0.6396936927676175,2.020364300300243,2.069281506325763
B,0.6211931668878408,0.7324763007850555,-1.105220674295263
B,0.41743559999538743,0.407238470500893,-0.7126684908684344
B,0.5972891842178238,1.0385053933010826,1.0059269216866804
B,0.5567885937259014,0.8903613344153031,2.5618412338099352
B,0.6113574365326193,0.8428503892856634,1.634397868962565
B,0.6518703694374579,0.1582495176659735,-0.10040030195561644
B,0.7564643593569487,1.5518665446804913,3.0907060802681885
B,0.5749516265538825,1.2111768229809141,1.4468879823970238
B,0.5887270283095283,0.6893609125867497,0.2952255523640055
B,0.8139794446618485,0.6492832180290724,0.9760790172886422
B,0.6711339181336117,1.1313967784967482,2.7857918259438277
B,0.6747917725183326,1.5528414757505606,2.3993901109995663
B,0.44573191677352964,-0.18608951299865661,-0.47172224615898883
B,0.45896978211663275,0.1355018935092337,-0.5751142971704815
B,0.5433648317353669,0.8511457255137627,1.5969503440317636
B,0.5798629271159209,0.4651836724499873,-0.34837982018415736
B,0.6475307320435106,0.7937982089994196,0.5945647202188947
B,0.8720896794378274,1.2488749401265198,2.237798033387902
B,0.47337963669538474,1.0804217909966243,0.11061679342457165
B,0.5575389568411656,1.207769137763294,0.503356842039967
B,0.661353801734884,1.463273393949859,1.752587225061362
B,0.6255893763952324,1.3714019648772844,1.1767882036426431
B,0.7106548911081855,0.7500711025430803,2.3446653722499944
B,0.5696265836159867,-0.32676651852251015,0.2123112500926647
B,0.5086697645258915,0.9069708398801046,1.6187187859367158
B,0.8073599248168289,1.4208502812123593,2.2659194341459625
B,0.6423542626203333,1.172110780958247,0.7574710208467165
B,0.47866249497121327,0.3798650563780948,1.444530896823494
B,0.563685237902566,1.7721784781919325,2.9470606480924806
B,0.5919077982069628,0.061287873271188786,0.3249213408095146
B,0.4487816245018613,1.0593718053893533,0.5358765229760372
B,0.6751427240996035,1.3096770402280156,1.188287427593914
B,0.6126844997207678,1.3608923035398917,2.789709651973407
B,0.5608207168221659,1.515460842235116,1.4721057343936892
B,0.5319574571531127,1.0316609676179156,0.6511681366489825
B,0.761682222991583,1.299006015330044,0.28861029233728575
B,0.5889778305825599,0.7358536068089324,0.9279054610686337
B,0.5191754261950476,1.146823971244768,-0.10284922871952573
B,0.3918461998744295,0.7711954061976493,1.7189697287512868
B,0.4899523460935847,1.1192470829101417,0.3741110968850174
B,0.6655099200529251,0.43393425406374475,-0.4264675371663045
B,0.7452252561699119,0.36592950593290896,1.768886556879571
B,0.47962205061604485,0.742410112792937,1.197082603291153
B,0.39134223121729883,0.8375271971950697,1.3213769329132572
B,0.5991180355774297,0.1439762563642787,-0.3436344399824002
B,0.5909947135089516,0.38432038614997566,1.4522347478507989
B,0.6818631539260581,0.8466733362745544,1.4048345707359682
B,0.5245391560223415,0.9236359101569362,1.1934941058448607
B,0.6063516146653299,1.0609059132670784,2.0569616619655204
B,0.4097869783506666,1.094098641819589,2.090702258972711
B,0.4718619382273337,0.6235659066636283,0.7236072001155454
B,0.54079660692077,1.0149782686297346,2.625170547569753
B,0.5509580014112005,1.4492445174018953,1.9474996422671198
B,0.6485914560689549,0.8381578273975101,1.0037093359686617
B,0.7177145059079915,2.1807709632176993,2.6845848559376524
B,0.45332050061582796,0.5008932991904909,0.9318670374182323
B,0.7639037488943448,1.207493021783979,2.9248784493891447
B,0.520661950938818,-0.13902649583962723,0.552007478643479
B,0.5534541398711823,0.7898694574430614,0.8390445950482388
B,0.7083959962834843,0.804226672970092,1.1109524498273473
B,0.3556684977208745,0.223197964838314,1.203952414269931
B,0.4505926613158122,0.8201161806334228,-0.5957866004634267
B,0.5130541596803837,0.23555353912155408,-0.7093002791672223
B,0.6040783820896523,1.017502394848499,0.924132503787778
B,0.7043073819133097,0.08684627280984536,1.0392092295656494
B,0.7059516692493061,0.8190326724897804,1.7243886216361726
B,0.5049003981870879,1.420736420633478,1.0693653184995278
B,0.6713691446406647,1.072709823507755,-0.2613518760462834
B,0.5544847624402828,1.1286666684446414,-0.8572708609805648
B,0.7454271456079133,0.6779222920525901,0.8376040218027905
B,0.5689019718715,0.21794122287891726,0.12656983906686758
B,0.7027370712813702,1.7314635995228052,1.9919433253522614
B,0.49395884153934383,1.238771978995071,2.1422357190267878
B,0.6745220988789182,1.4322632640440245,0.6333143825689993
B,0.4601991525460045,0.6903073221472129,2.114737018017858
B,0.6078579118831166,1.4846977015526748,1.0587712170450367
B,0.43510626948620035,0.44962456833866227,0.421695844033854
B,0.5827744165605898,1.2121093245699934,1.4134361070118087
B,0.5183823720530638,1.0991128898866804,-0.7122741529535834
B,0.4996754860361904,0.3164059639422553,2.848840043897143
B,0.6214830313105801,1.6258336479707465,1.278372235729717
